insert into "homework"."address"(address_code,address_name) values('001','上海');
insert into "homework"."address"(address_code,address_name) values('002','石家庄');
insert into "homework"."address"(address_code,address_name) values('003','济南');
insert into "homework"."goodtype"(goodtype_id,goodtype_name) values('001','食品');
insert into "homework"."goodtype"(goodtype_id,goodtype_name) values('002','办公用品');
insert into "homework"."goodtype"(goodtype_id,goodtype_name) values('003','生活用品');
insert into "homework"."shop"(shop_id,shop_name) values('001','xx便利店');
insert into "homework"."shop"(shop_id,shop_name) values('002','xx工厂直营店');
insert into "homework"."shop"(shop_id,shop_name) values('003','xx超市');
insert into "homework"."goods"(good_id,good_name,good_type_id,good_address,price,shop_id,num) values('001','辣条','001','001','13.52','002',345);
insert into "homework"."goods"(good_id,good_name,good_type_id,good_address,price,shop_id,num) values('002','巧克力派','001','002','43.59','002',46544);
insert into "homework"."goods"(good_id,good_name,good_type_id,good_address,price,shop_id,num) values('003','洗衣液','003','002','532.99','003',5235);
insert into "homework"."goods"(good_id,good_name,good_type_id,good_address,price,shop_id,num) values('004','拖把','003','003','57.66','003',1250);
insert into "homework"."goods"(good_id,good_name,good_type_id,good_address,price,shop_id,num) values('005','墨盒','002','003','200.3','001',2045);
insert into "homework"."goods"(good_id,good_name,good_type_id,good_address,price,shop_id,num) values('006','图钉','002','001','160.0','001',1080);
insert into "homework"."users"(user_id,user_name,user_gender,register_date,user_years,email,phone) values('001','Obama','male','202005','2000','16866@qq.com','13522254456');
insert into "homework"."users"(user_id,user_name,user_gender,register_date,user_years,email,phone) values('002','CakeCake','female','202006','1995','18656@gmail.com','131256921864');
insert into "homework"."users"(user_id,user_name,user_gender,register_date,user_years,email,phone) values('003','Homelander','male','202103','2003','6886@outlook.com','13617645677');
insert into "homework"."purchase"(user_id,good_id,receive_address,num,price,purchase_date) values('001','001','002','30','400.36','202102');
insert into "homework"."purchase"(user_id,good_id,receive_address,num,price,purchase_date) values('002','003','001','50','200.35','202102');
insert into "homework"."purchase"(user_id,good_id,receive_address,num,price,purchase_date) values('001','002','003','60','280.23','202102');
insert into "homework"."purchase"(user_id,good_id,receive_address,num,price,purchase_date) values('001','005','001','20','132.21','202103');
insert into "homework"."purchase"(user_id,good_id,receive_address,num,price,purchase_date) values('003','006','002','30','3201.59','202103');
insert into "homework"."purchase"(user_id,good_id,receive_address,num,price,purchase_date) values('002','002','002','10','442.66','202104');
insert into "homework"."purchase"(user_id,good_id,receive_address,num,price,purchase_date) values('003','001','003','50','673.25','202104');
insert into "homework"."purchase"(user_id,good_id,receive_address,num,price,purchase_date) values('002','003','001','40','21023.59','202103');
insert into "homework"."purchase"(user_id,good_id,receive_address,num,price,purchase_date) values('001','004','003','20','1123.55','202103');
insert into "homework"."purchase"(user_id,good_id,receive_address,num,price,purchase_date) values('003','005','002','35','108.76','202104');
insert into "homework"."purchase"(user_id,good_id,receive_address,num,price,purchase_date) values('002','006','001','15','1653.89','202105');
insert into "homework"."purchase"(user_id,good_id,receive_address,num,price,purchase_date) values('001','002','002','23','896.38','202106');
insert into "homework"."users"(user_id,user_name,user_gender,register_date,user_years,email,phone) values('004','普京','male','202103','2003','8fdf6@outlook.com','1344544536');
insert into "homework"."users"(user_id,user_name,user_gender,register_date,user_years,email,phone) values('005','死侍','male','202103','2009','668366@fafa.com','134454456');
insert into "homework"."users"(user_id,user_name,user_gender,register_date,user_years,email,phone) values('006','范德蒙德','male','202103','2004','86856@186.com','134454k4536');
insert into "homework"."users"(user_id,user_name,user_gender,register_date,user_years,email,phone) values('007','瑞克','male','202103','2003','668@786.com','134444536');
insert into "homework"."users"(user_id,user_name,user_gender,register_date,user_years,email,phone) values('008','教师','female','202103','1996','7225@htf.com','134544536');
insert into "homework"."users"(user_id,user_name,user_gender,register_date,user_years,email,phone) values('009','上勾拳','female','202103','2008','tktyk@njg.com','1344574536');
insert into "homework"."users"(user_id,user_name,user_gender,register_date,user_years,email,phone) values('010','小学生','female','202103','2013','ggeg834@gegg.com','1344544836');
insert into "homework"."users"(user_id,user_name,user_gender,register_date,user_years,email,phone) values('011','后期人','female','202103','2001','gr34thj@85.com','1344544596');